id,platform,post_link,approx_date,constraint_type,constraint_expression,adaptation_strategy,food_type,effort_level,comp_label,search_query,framing_of_constraint,tone,visual_cues (TikTok only),notes,label_match,post_age
7,reddit,https://www.reddit.com/r/EatCheapAndHealthy/comments/ggu2be/quick_cheap_easy_to_make_nutritious_and/,2026,time,explicit,substitution,homemade,medium,money,"r/EatCheapAndHealthy ""quick""",problem,neutral,,request for quick cheap nutritious dorm meals,False,0
16,tiktok,https://vt.tiktok.com/ZSuttJxCR/,2026,space,implicit,no_cooking,mixed,low,unknown,#kitchenless,normalized,neutral,"paper plates, bathroom sink",easy meal without full kitchen setup,False,0
17,reddit,https://www.reddit.com/r/college/comments/1eqeuvm/what_do_you_guys_eat_in_college/,2026,time,implicit,mixed,mixed,low,unknown,"r/college ""what do you eat""",normalized,neutral,,general discussion of college eating habits,False,0
22,tiktok,https://vt.tiktok.com/ZSuttAmf1/,2026,time,implicit,meal_prep,homemade,low,unknown,#mealprepping,normalized,neutral,"Tupperware, cold storage",meal that can be carried and eaten cold or reheated,False,0
24,tiktok,https://vt.tiktok.com/ZSuttfhm9/,2026,skill,explicit,no_cooking,mixed,low,unknown,#studentcooking,normalized,neutral,"confused expression, simple ingredients",easy veg meals for student who can't cook,False,0
26,tiktok,https://vt.tiktok.com/ZSuttTQob/,2026,time,implicit,one_pot,homemade,low,unknown,#onepotmeal,normalized,neutral,"single dirty pan, stovetop",one pot vegetarian meals reduce effort,False,0
31,tiktok,https://vt.tiktok.com/ZSutnuFAx/,2026,time,implicit,mixed,homemade,low,unknown,#collegecooking,normalized,neutral,montage of different days/meals,college cooking series with varied recipes,False,0
32,tiktok,https://vt.tiktok.com/ZSutWYKFW/,2026,time,implicit,planning,homemade,low,unknown,#studenthacks,normalized,neutral,"shared ingredients, prep board",healthy meals using same ingredients suggests efficiency,False,0
33,tiktok,https://vt.tiktok.com/ZSutW8NBT/,2026,time,implicit,mixed,mixed,low,unknown,#collegelife,normalized,neutral,"dorm furniture, student id",general student meal content limited context,False,0
43,tiktok,https://vt.tiktok.com/ZSutW3bV2/,2026,time,implicit,series,mixed,low,money,#cheapandeasy,normalized,neutral,"part 1 text overlay, simple pan",cheap and easy meals part series,False,0
47,reddit,https://www.reddit.com/r/Cooking/comments/vc2ury/any_really_low_effort_meals_for_a_college_student/,2026,energy,explicit,no_cooking,mixed,low,time,"r/Cooking ""low effort""",problem,neutral,,very low effort meals for busy student,False,0
49,reddit,https://www.reddit.com/r/AskReddit/comments/7vnx33/excluding_ramen_what_is_your_favorite_college/,2026,time,implicit,mixed,mixed,low,unknown,"r/AskReddit ""college food""",normalized,neutral,,discussion of typical college meals,False,0
